region,year,value,latitude,longitude
Australia,2011,49.0,-25.2744,133.7751
Australia,2012,250.0,-25.2744,133.7751
Australia,2013,290.0,-25.2744,133.7751
Australia,2014,1320.0,-25.2744,133.7751
Australia,2015,1760.0,-25.2744,133.7751
Australia,2016,1370.0,-25.2744,133.7751
Australia,2017,2300.0,-25.2744,133.7751
Australia,2018,3600.0,-25.2744,133.7751
Australia,2019,9200.0,-25.2744,133.7751
Australia,2020,6900.0,-25.2744,133.7751
Australia,2021,20444.0,-25.2744,133.7751
Australia,2022,38915.0,-25.2744,133.7751
Australia,2023,98006.0,-25.2744,133.7751
Austria,2013,650.0,47.5162,14.5501
Austria,2014,1706.0,47.5162,14.5501
Austria,2015,2804.0,47.5162,14.5501
Austria,2016,5000.0,47.5162,14.5501
Austria,2017,7102.0,47.5162,14.5501
Austria,2018,9107.0,47.5162,14.5501
Austria,2019,11519.0,47.5162,14.5501
Austria,2020,23614.0,47.5162,14.5501
Austria,2021,48014.0,47.5162,14.5501
Austria,2022,47014.0,47.5162,14.5501
Austria,2023,65009.0,47.5162,14.5501
Belgium,2010,63.0,50.8503,4.3517
Belgium,2011,322.0,50.8503,4.3517
Belgium,2012,1170.0,50.8503,4.3517
Belgium,2013,670.0,50.8503,4.3517
Belgium,2014,2053.0,50.8503,4.3517
Belgium,2015,3970.0,50.8503,4.3517
Belgium,2016,9348.0,50.8503,4.3517
Belgium,2017,14844.0,50.8503,4.3517
Belgium,2018,13490.0,50.8503,4.3517
Belgium,2019,18160.0,50.8503,4.3517
Belgium,2020,47561.0,50.8503,4.3517
Belgium,2021,71947.0,50.8503,4.3517
Belgium,2022,99016.0,50.8503,4.3517
Belgium,2023,196751.0,50.8503,4.3517
Brazil,2010,10.0,-14.235,-51.9253
Brazil,2011,8.0,-14.235,-51.9253
Brazil,2012,40.0,-14.235,-51.9253
Brazil,2013,84.0,-14.235,-51.9253
Brazil,2014,74.0,-14.235,-51.9253
Brazil,2015,92.0,-14.235,-51.9253
Brazil,2016,183.0,-14.235,-51.9253
Brazil,2017,451.0,-14.235,-51.9253
Brazil,2018,473.0,-14.235,-51.9253
Brazil,2019,2009.0,-14.235,-51.9253
Brazil,2020,2711.0,-14.235,-51.9253
Brazil,2021,14581.0,-14.235,-51.9253
Brazil,2022,20344.0,-14.235,-51.9253
Brazil,2023,53700.0,-14.235,-51.9253
Bulgaria,2015,21.0,42.7339,25.4858
Bulgaria,2016,13.0,42.7339,25.4858
Bulgaria,2017,106.0,42.7339,25.4858
Bulgaria,2018,216.0,42.7339,25.4858
Bulgaria,2019,236.0,42.7339,25.4858
Bulgaria,2020,181.0,42.7339,25.4858
Bulgaria,2021,550.0,42.7339,25.4858
Bulgaria,2022,1140.0,42.7339,25.4858
Bulgaria,2023,2160.0,42.7339,25.4858
Canada,2010,1.0,56.1304,-106.3468
Canada,2011,522.0,56.1304,-106.3468
Canada,2012,1923.0,56.1304,-106.3468
Canada,2013,3108.0,56.1304,-106.3468
Canada,2014,5106.0,56.1304,-106.3468
Canada,2015,6824.0,56.1304,-106.3468
Canada,2016,11605.0,56.1304,-106.3468
Canada,2017,16711.0,56.1304,-106.3468
Canada,2018,44026.0,56.1304,-106.3468
Canada,2019,51128.0,56.1304,-106.3468
Canada,2020,54086.0,56.1304,-106.3468
Canada,2021,92628.0,56.1304,-106.3468
Canada,2022,126157.0,56.1304,-106.3468
Canada,2023,187021.0,56.1304,-106.3468
Chile,2011,6.0,-35.6751,-71.543
Chile,2012,5.0,-35.6751,-71.543
Chile,2013,5.0,-35.6751,-71.543
Chile,2014,17.0,-35.6751,-71.543
Chile,2015,33.0,-35.6751,-71.543
Chile,2016,27.0,-35.6751,-71.543
Chile,2017,135.0,-35.6751,-71.543
Chile,2018,168.0,-35.6751,-71.543
Chile,2019,300.0,-35.6751,-71.543
Chile,2020,189.0,-35.6751,-71.543
Chile,2021,571.0,-35.6751,-71.543
Chile,2022,1501.0,-35.6751,-71.543
Chile,2023,920.0,-35.6751,-71.543
China,2010,2530.0,35.8617,104.1954
China,2011,5870.0,35.8617,104.1954
China,2012,12440.0,35.8617,104.1954
China,2013,20280.0,35.8617,104.1954
China,2014,83480.0,35.8617,104.1954
China,2015,299000.0,35.8617,104.1954
China,2016,479600.0,35.8617,104.1954
China,2017,807620.0,35.8617,104.1954
China,2018,1265490.0,35.8617,104.1954
China,2019,1183458.0,35.8617,104.1954
China,2020,3726984.0,35.8617,104.1954
China,2021,10153986.0,35.8617,104.1954
China,2022,18467730.0,35.8617,104.1954
China,2023,25246920.0,35.8617,104.1954
China,2025,23490160.0,35.8617,104.1954
China,2030,38588680.0,35.8617,104.1954
China,2035,49541400.0,35.8617,104.1954
Colombia,2015,42.0,4.5709,-74.2973
Colombia,2016,53.0,4.5709,-74.2973
Colombia,2017,148.0,4.5709,-74.2973
Colombia,2018,570.0,4.5709,-74.2973
Colombia,2019,1320.0,4.5709,-74.2973
Colombia,2020,950.0,4.5709,-74.2973
Colombia,2021,2540.0,4.5709,-74.2973
Colombia,2022,4300.0,4.5709,-74.2973
Colombia,2023,6100.0,4.5709,-74.2973
Costa Rica,2015,4.0,9.7489,-83.7534
Costa Rica,2016,12.0,9.7489,-83.7534
Costa Rica,2017,25.0,9.7489,-83.7534
Costa Rica,2018,200.0,9.7489,-83.7534
Costa Rica,2019,460.0,9.7489,-83.7534
Costa Rica,2020,630.0,9.7489,-83.7534
Costa Rica,2021,1000.0,9.7489,-83.7534
Costa Rica,2022,1600.0,9.7489,-83.7534
Costa Rica,2023,4900.0,9.7489,-83.7534
Croatia,2019,257.0,45.1,15.2
Croatia,2020,670.0,45.1,15.2
Croatia,2021,1800.0,45.1,15.2
Croatia,2022,2240.0,45.1,15.2
Croatia,2023,2590.0,45.1,15.2
Cyprus,2019,23.0,35.1264,33.4299
Cyprus,2020,125.0,35.1264,33.4299
Cyprus,2021,182.0,35.1264,33.4299
Cyprus,2022,630.0,35.1264,33.4299
Cyprus,2023,1300.0,35.1264,33.4299
Czech Republic,2015,300.0,49.8175,15.472
Czech Republic,2016,200.0,49.8175,15.472
Czech Republic,2017,390.0,49.8175,15.472
Czech Republic,2018,980.0,49.8175,15.472
Czech Republic,2019,1230.0,49.8175,15.472
Czech Republic,2020,5300.0,49.8175,15.472
Czech Republic,2021,6400.0,49.8175,15.472
Czech Republic,2022,7500.0,49.8175,15.472
Czech Republic,2023,12000.0,49.8175,15.472
Denmark,2010,10.0,56.2639,9.5018
Denmark,2011,446.0,56.2639,9.5018
Denmark,2012,642.0,56.2639,9.5018
Denmark,2013,630.0,56.2639,9.5018
Denmark,2014,1740.0,56.2639,9.5018
Denmark,2015,5103.0,56.2639,9.5018
Denmark,2016,2025.0,56.2639,9.5018
Denmark,2017,1440.0,56.2639,9.5018
Denmark,2018,4861.0,56.2639,9.5018
Denmark,2019,9833.0,56.2639,9.5018
Denmark,2020,32863.0,56.2639,9.5018
Denmark,2021,67171.0,56.2639,9.5018
Denmark,2022,59776.0,56.2639,9.5018
Denmark,2023,83791.0,56.2639,9.5018
EU27,2010,2665.0,52.0,13.0
EU27,2011,9745.0,52.0,13.0
EU27,2012,26097.0,52.0,13.0
EU27,2013,51732.0,52.0,13.0
EU27,2014,64189.0,52.0,13.0
EU27,2015,127486.0,52.0,13.0
EU27,2016,130011.0,52.0,13.0
EU27,2017,188753.0,52.0,13.0
EU27,2018,271351.0,52.0,13.0
EU27,2019,415975.0,52.0,13.0
EU27,2020,1083114.0,52.0,13.0
EU27,2021,1822737.0,52.0,13.0
EU27,2022,2174064.0,52.0,13.0
EU27,2023,2576795.0,52.0,13.0
Estonia,2015,34.0,58.5953,25.0136
Estonia,2016,35.0,58.5953,25.0136
Estonia,2017,46.0,58.5953,25.0136
Estonia,2018,118.0,58.5953,25.0136
Estonia,2019,97.0,58.5953,25.0136
Estonia,2020,415.0,58.5953,25.0136
Estonia,2021,720.0,58.5953,25.0136
Estonia,2022,1160.0,58.5953,25.0136
Estonia,2023,1960.0,58.5953,25.0136
Europe,2010,3505.0,54.526,15.2551
Europe,2011,14004.0,54.526,15.2551
Europe,2012,35427.0,54.526,15.2551
Europe,2013,66492.0,54.526,15.2551
Europe,2014,104801.0,54.526,15.2551
Europe,2015,199468.0,54.526,15.2551
Europe,2016,226403.0,54.526,15.2551
Europe,2017,317085.0,54.526,15.2551
Europe,2018,425895.0,54.526,15.2551
Europe,2019,612727.0,54.526,15.2551
Europe,2020,4330707.0,54.526,15.2551
Europe,2021,7111236.0,54.526,15.2551
Europe,2022,8410599.0,54.526,15.2551
Europe,2023,10419015.0,54.526,15.2551
Europe,2025,10312339.0,54.526,15.2551
Europe,2030,20514800.0,54.526,15.2551
Europe,2035,31834900.0,54.526,15.2551
Finland,2011,30.0,61.9241,25.7482
Finland,2012,181.0,61.9241,25.7482
Finland,2013,220.0,61.9241,25.7482
Finland,2014,440.0,61.9241,25.7482
Finland,2015,660.0,61.9241,25.7482
Finland,2016,1420.0,61.9241,25.7482
Finland,2017,3153.0,61.9241,25.7482
Finland,2018,5736.0,61.9241,25.7482
Finland,2019,8002.0,61.9241,25.7482
Finland,2020,17439.0,61.9241,25.7482
Finland,2021,30572.0,61.9241,25.7482
Finland,2022,32006.0,61.9241,25.7482
Finland,2023,49800.0,61.9241,25.7482
France,2010,1109.0,46.6034,1.8883
France,2011,4385.0,46.6034,1.8883
France,2012,9991.0,46.6034,1.8883
France,2013,14883.0,46.6034,1.8883
France,2014,17657.0,46.6034,1.8883
France,2015,28825.0,46.6034,1.8883
France,2016,36314.0,46.6034,1.8883
France,2017,44104.0,46.6034,1.8883
France,2018,56423.0,46.6034,1.8883
France,2019,72465.0,46.6034,1.8883
France,2020,194605.0,46.6034,1.8883
France,2021,323494.0,46.6034,1.8883
France,2022,357902.0,46.6034,1.8883
France,2023,504493.0,46.6034,1.8883
Germany,2010,328.0,51.1657,10.4515
Germany,2011,1958.0,51.1657,10.4515
Germany,2012,4379.0,51.1657,10.4515
Germany,2013,7425.0,51.1657,10.4515
Germany,2014,14228.0,51.1657,10.4515
Germany,2015,24065.0,51.1657,10.4515
Germany,2016,26646.0,51.1657,10.4515
Germany,2017,58619.0,51.1657,10.4515
Germany,2018,73433.0,51.1657,10.4515
Germany,2019,115710.0,51.1657,10.4515
Germany,2020,400468.0,51.1657,10.4515
Germany,2021,705423.0,51.1657,10.4515
Germany,2022,851376.0,51.1657,10.4515
Germany,2023,728768.0,51.1657,10.4515
Greece,2013,3.0,39.0742,21.8243
Greece,2014,39.0,39.0742,21.8243
Greece,2015,57.0,39.0742,21.8243
Greece,2016,97.0,39.0742,21.8243
Greece,2017,190.0,39.0742,21.8243
Greece,2018,298.0,39.0742,21.8243
Greece,2019,480.0,39.0742,21.8243
Greece,2020,2180.0,39.0742,21.8243
Greece,2021,7000.0,39.0742,21.8243
Greece,2022,8300.0,39.0742,21.8243
Greece,2023,17000.0,39.0742,21.8243
Hungary,2015,135.0,47.1625,19.5033
Hungary,2016,340.0,47.1625,19.5033
Hungary,2017,1190.0,47.1625,19.5033
Hungary,2018,2070.0,47.1625,19.5033
Hungary,2019,2900.0,47.1625,19.5033
Hungary,2020,6000.0,47.1625,19.5033
Hungary,2021,8500.0,47.1625,19.5033
Hungary,2022,9600.0,47.1625,19.5033
Hungary,2023,11300.0,47.1625,19.5033
Iceland,2010,11.0,64.9631,-19.0208
Iceland,2012,26.0,64.9631,-19.0208
Iceland,2013,103.0,64.9631,-19.0208
Iceland,2014,229.0,64.9631,-19.0208
Iceland,2015,560.0,64.9631,-19.0208
Iceland,2016,1160.0,64.9631,-19.0208
Iceland,2017,3040.0,64.9631,-19.0208
Iceland,2018,3696.0,64.9631,-19.0208
Iceland,2019,3107.0,64.9631,-19.0208
Iceland,2020,4901.0,64.9631,-19.0208
Iceland,2021,9103.0,64.9631,-19.0208
Iceland,2022,12000.0,64.9631,-19.0208
Iceland,2023,12401.0,64.9631,-19.0208
India,2010,450.0,20.5937,78.9629
India,2011,1400.0,20.5937,78.9629
India,2012,190.0,20.5937,78.9629
India,2013,410.0,20.5937,78.9629
India,2014,1000.0,20.5937,78.9629
India,2015,550.0,20.5937,78.9629
India,2016,935.0,20.5937,78.9629
India,2017,2140.0,20.5937,78.9629
India,2018,2630.0,20.5937,78.9629
India,2019,1937.0,20.5937,78.9629
India,2020,19176.0,20.5937,78.9629
India,2021,44853.0,20.5937,78.9629
India,2022,151752.0,20.5937,78.9629
India,2023,254766.0,20.5937,78.9629
India,2025,790316.9000000954,20.5937,78.9629
India,2030,3184921.0,20.5937,78.9629
India,2035,6721970.0,20.5937,78.9629
Ireland,2015,590.0,53.1424,-7.6921
Ireland,2016,690.0,53.1424,-7.6921
Ireland,2017,950.0,53.1424,-7.6921
Ireland,2018,1940.0,53.1424,-7.6921
Ireland,2019,4700.0,53.1424,-7.6921
Ireland,2020,6500.0,53.1424,-7.6921
Ireland,2021,16500.0,53.1424,-7.6921
Ireland,2022,23700.0,53.1424,-7.6921
Ireland,2023,33000.0,53.1424,-7.6921
Israel,2011,3.0,31.9686,34.7695
Israel,2012,601.0,31.9686,34.7695
Israel,2013,477.0010000000475,31.9686,34.7695
Israel,2014,58.0,31.9686,34.7695
Israel,2015,68.0,31.9686,34.7695
Israel,2016,73.0,31.9686,34.7695
Israel,2017,1670.0,31.9686,34.7695
Israel,2018,3753.0,31.9686,34.7695
Israel,2019,4766.0,31.9686,34.7695
Israel,2020,6969.0,31.9686,34.7695
Israel,2021,24111.0,31.9686,34.7695
Israel,2022,43585.0,31.9686,34.7695
Israel,2023,65540.0,31.9686,34.7695
Italy,2010,250.0,41.8719,12.5674
Italy,2011,194.0,41.8719,12.5674
Italy,2012,823.0,41.8719,12.5674
Italy,2013,1221.0,41.8719,12.5674
Italy,2014,1620.0,41.8719,12.5674
Italy,2015,2661.0,41.8719,12.5674
Italy,2016,3518.0,41.8719,12.5674
Italy,2017,5431.0,41.8719,12.5674
Italy,2018,10401.0,41.8719,12.5674
Italy,2019,18582.0,41.8719,12.5674
Italy,2020,61357.0,41.8719,12.5674
Italy,2021,141670.0,41.8719,12.5674
Italy,2022,118841.0,41.8719,12.5674
Italy,2023,144626.0,41.8719,12.5674
Japan,2010,2402.0,36.2048,138.2529
Japan,2011,13867.0,36.2048,138.2529
Japan,2012,26505.0,36.2048,138.2529
Japan,2013,31111.0,36.2048,138.2529
Japan,2014,33013.0,36.2048,138.2529
Japan,2015,25222.0,36.2048,138.2529
Japan,2016,25828.0,36.2048,138.2529
Japan,2017,55180.0,36.2048,138.2529
Japan,2018,50905.0,36.2048,138.2529
Japan,2019,40248.0,36.2048,138.2529
Japan,2020,32135.0,36.2048,138.2529
Japan,2021,48455.0,36.2048,138.2529
Japan,2022,99620.0,36.2048,138.2529
Japan,2023,143239.0,36.2048,138.2529
Korea,2010,66.0,35.9078,127.7669
Korea,2011,274.0,35.9078,127.7669
Korea,2012,512.0,35.9078,127.7669
Korea,2013,606.0,35.9078,127.7669
Korea,2014,1303.0,35.9078,127.7669
Korea,2015,3399.0,35.9078,127.7669
Korea,2016,5132.0,35.9078,127.7669
Korea,2017,14745.0,35.9078,127.7669
Korea,2018,60662.0,35.9078,127.7669
Korea,2019,41525.0,35.9078,127.7669
Korea,2020,60497.0,35.9078,127.7669
Korea,2021,129671.0,35.9078,127.7669
Korea,2022,177790.0,35.9078,127.7669
Korea,2023,180170.0,35.9078,127.7669
Latvia,2015,26.0,56.8796,24.6032
Latvia,2016,40.0,56.8796,24.6032
Latvia,2017,40.0,56.8796,24.6032
Latvia,2018,90.0,56.8796,24.6032
Latvia,2019,98.0,56.8796,24.6032
Latvia,2020,383.0,56.8796,24.6032
Latvia,2021,550.0,56.8796,24.6032
Latvia,2022,1400.0,56.8796,24.6032
Latvia,2023,2060.0,56.8796,24.6032
Lithuania,2015,37.0,55.1694,23.8813
Lithuania,2016,64.0,55.1694,23.8813
Lithuania,2017,52.0,55.1694,23.8813
Lithuania,2018,140.0,55.1694,23.8813
Lithuania,2019,160.0,55.1694,23.8813
Lithuania,2020,450.0,55.1694,23.8813
Lithuania,2021,1600.0,55.1694,23.8813
Lithuania,2022,2070.0,55.1694,23.8813
Lithuania,2023,2100.0,55.1694,23.8813
Luxembourg,2019,1900.0,49.6117,6.13
Luxembourg,2020,5200.0,49.6117,6.13
Luxembourg,2021,9000.0,49.6117,6.13
Luxembourg,2022,10200.0,49.6117,6.13
Luxembourg,2023,15800.0,49.6117,6.13
Mexico,2011,3.0,23.6345,-102.5528
Mexico,2012,88.0,23.6345,-102.5528
Mexico,2013,12.0,23.6345,-102.5528
Mexico,2014,48.0,23.6345,-102.5528
Mexico,2015,99.0,23.6345,-102.5528
Mexico,2016,770.0,23.6345,-102.5528
Mexico,2017,1200.0,23.6345,-102.5528
Mexico,2018,1800.0,23.6345,-102.5528
Mexico,2019,1690.0,23.6345,-102.5528
Mexico,2020,3800.0,23.6345,-102.5528
Mexico,2021,6500.0,23.6345,-102.5528
Mexico,2022,8400.0,23.6345,-102.5528
Mexico,2023,15200.0,23.6345,-102.5528
Netherlands,2010,159.0,52.3794,4.9009
Netherlands,2011,949.0,52.3794,4.9009
Netherlands,2012,5430.0,52.3794,4.9009
Netherlands,2013,22785.0,52.3794,4.9009
Netherlands,2014,15299.200000047684,52.3794,4.9009
Netherlands,2015,42695.0,52.3794,4.9009
Netherlands,2016,22404.0,52.3794,4.9009
Netherlands,2017,12031.0,52.3794,4.9009
Netherlands,2018,31256.0,52.3794,4.9009
Netherlands,2019,71772.0,52.3794,4.9009
Netherlands,2020,96408.0,52.3794,4.9009
Netherlands,2021,113768.0,52.3794,4.9009
Netherlands,2022,142386.0,52.3794,4.9009
Netherlands,2023,221578.0,52.3794,4.9009
New Zealand,2010,10.0,-40.9006,174.886
New Zealand,2011,17.0,-40.9006,174.886
New Zealand,2012,28.0,-40.9006,174.886
New Zealand,2013,36.0,-40.9006,174.886
New Zealand,2014,320.0,-40.9006,174.886
New Zealand,2015,500.0,-40.9006,174.886
New Zealand,2016,1540.0,-40.9006,174.886
New Zealand,2017,3441.0,-40.9006,174.886
New Zealand,2018,5611.0,-40.9006,174.886
New Zealand,2019,6985.0,-40.9006,174.886
New Zealand,2020,5499.0,-40.9006,174.886
New Zealand,2021,10539.0,-40.9006,174.886
New Zealand,2022,28790.0,-40.9006,174.886
New Zealand,2023,38619.0,-40.9006,174.886
Norway,2010,361.0,60.472,8.4689
Norway,2011,2042.0,60.472,8.4689
Norway,2012,4281.0,60.472,8.4689
Norway,2013,8580.0,60.472,8.4689
Norway,2014,22264.0,60.472,8.4689
Norway,2015,34619.0,60.472,8.4689
Norway,2016,45673.0,60.472,8.4689
Norway,2017,62820.0,60.472,8.4689
Norway,2018,74857.0,60.472,8.4689
Norway,2019,81192.0,60.472,8.4689
Norway,2020,108950.0,60.472,8.4689
Norway,2021,149911.0,60.472,8.4689
Norway,2022,164087.0,60.472,8.4689
Norway,2023,120176.0,60.472,8.4689
Poland,2010,19.0,51.9194,19.1451
Poland,2011,46.0,51.9194,19.1451
Poland,2012,64.0,51.9194,19.1451
Poland,2013,47.0,51.9194,19.1451
Poland,2014,209.0,51.9194,19.1451
Poland,2015,235.0,51.9194,19.1451
Poland,2016,526.0,51.9194,19.1451
Poland,2017,1108.0,51.9194,19.1451
Poland,2018,1524.0,51.9194,19.1451
Poland,2019,2885.0,51.9194,19.1451
Poland,2020,8622.0,51.9194,19.1451
Poland,2021,17440.0,51.9194,19.1451
Poland,2022,26328.0,51.9194,19.1451
Poland,2023,32880.0,51.9194,19.1451
Portugal,2010,13.0,39.3999,-8.2245
Portugal,2011,172.0,39.3999,-8.2245
Portugal,2012,84.0,39.3999,-8.2245
Portugal,2013,212.0,39.3999,-8.2245
Portugal,2014,316.0,39.3999,-8.2245
Portugal,2015,1100.0,39.3999,-8.2245
Portugal,2016,1800.0,39.3999,-8.2245
Portugal,2017,4602.0,39.3999,-8.2245
Portugal,2018,8470.0,39.3999,-8.2245
Portugal,2019,12857.0,39.3999,-8.2245
Portugal,2020,20080.0,39.3999,-8.2245
Portugal,2021,29414.0,39.3999,-8.2245
Portugal,2022,35078.0,39.3999,-8.2245
Portugal,2023,65863.0,39.3999,-8.2245
Rest of the world,2011,42.0,20.0,0.0
Rest of the world,2012,448.0,20.0,0.0
Rest of the world,2013,211.0,20.0,0.0
Rest of the world,2014,550.0,20.0,0.0
Rest of the world,2015,4321.0,20.0,0.0
Rest of the world,2016,1598.0,20.0,0.0
Rest of the world,2017,2548.0,20.0,0.0
Rest of the world,2018,4347.0,20.0,0.0
Rest of the world,2019,8520.0,20.0,0.0
Rest of the world,2020,405849.0,20.0,0.0
Rest of the world,2021,771190.0,20.0,0.0
Rest of the world,2022,1255764.0,20.0,0.0
Rest of the world,2023,2062237.0,20.0,0.0
Rest of the world,2025,4429560.0,20.0,0.0
Rest of the world,2030,13985500.0,20.0,0.0
Rest of the world,2035,30068900.0,20.0,0.0
Romania,2015,24.0,45.9432,24.9668
Romania,2016,74.0,45.9432,24.9668
Romania,2017,190.0,45.9432,24.9668
Romania,2018,600.0,45.9432,24.9668
Romania,2019,1500.0,45.9432,24.9668
Romania,2020,3800.0,45.9432,24.9668
Romania,2021,6300.0,45.9432,24.9668
Romania,2022,12000.0,45.9432,24.9668
Romania,2023,15000.0,45.9432,24.9668
Seychelles,2015,3.0,-4.6796,55.492
Seychelles,2016,12.0,-4.6796,55.492
Seychelles,2017,30.0,-4.6796,55.492
Seychelles,2018,32.0,-4.6796,55.492
Seychelles,2019,37.0,-4.6796,55.492
Seychelles,2020,26.0,-4.6796,55.492
Seychelles,2021,61.0,-4.6796,55.492
Seychelles,2022,37.0,-4.6796,55.492
Seychelles,2023,100.0,-4.6796,55.492
Slovakia,2015,52.0,48.669,19.699
Slovakia,2016,59.0,48.669,19.699
Slovakia,2017,210.0,48.669,19.699
Slovakia,2018,290.0,48.669,19.699
Slovakia,2019,360.0,48.669,19.699
Slovakia,2020,1780.0,48.669,19.699
Slovakia,2021,2300.0,48.669,19.699
Slovakia,2022,3000.0,48.669,19.699
Slovakia,2023,5300.0,48.669,19.699
Slovenia,2016,186.0,46.1511,14.9955
Slovenia,2017,460.0,46.1511,14.9955
Slovenia,2018,660.0,46.1511,14.9955
Slovenia,2019,218.0,46.1511,14.9955
Slovenia,2020,1639.0,46.1511,14.9955
Slovenia,2021,2010.0,46.1511,14.9955
Slovenia,2022,2890.0,46.1511,14.9955
Slovenia,2023,5300.0,46.1511,14.9955
South Africa,2013,34.0,-30.5595,22.9375
South Africa,2014,15.0,-30.5595,22.9375
South Africa,2015,240.0,-30.5595,22.9375
South Africa,2016,380.0,-30.5595,22.9375
South Africa,2017,198.0,-30.5595,22.9375
South Africa,2018,148.0,-30.5595,22.9375
South Africa,2019,232.0,-30.5595,22.9375
South Africa,2020,242.0,-30.5595,22.9375
South Africa,2021,272.0,-30.5595,22.9375
South Africa,2022,622.0,-30.5595,22.9375
South Africa,2023,1080.0,-30.5595,22.9375
Spain,2010,76.0,40.4637,-3.7492
Spain,2011,422.0,40.4637,-3.7492
Spain,2012,740.0,40.4637,-3.7492
Spain,2013,954.0,40.4637,-3.7492
Spain,2014,2101.0,40.4637,-3.7492
Spain,2015,2622.0,40.4637,-3.7492
Spain,2016,4260.0,40.4637,-3.7492
Spain,2017,8255.0,40.4637,-3.7492
Spain,2018,13439.0,40.4637,-3.7492
Spain,2019,19414.0,40.4637,-3.7492
Spain,2020,44073.0,40.4637,-3.7492
Spain,2021,69545.0,40.4637,-3.7492
Spain,2022,86065.0,40.4637,-3.7492
Spain,2023,133011.0,40.4637,-3.7492
Sweden,2010,4.0,60.1282,18.6435
Sweden,2011,189.0,60.1282,18.6435
Sweden,2012,1210.0,60.1282,18.6435
Sweden,2013,1743.0,60.1282,18.6435
Sweden,2014,4880.0,60.1282,18.6435
Sweden,2015,9042.0,60.1282,18.6435
Sweden,2016,12998.0,60.1282,18.6435
Sweden,2017,20626.0,60.1282,18.6435
Sweden,2018,29909.0,60.1282,18.6435
Sweden,2019,42504.0,60.1282,18.6435
Sweden,2020,96289.0,60.1282,18.6435
Sweden,2021,137898.0,60.1282,18.6435
Sweden,2022,168559.0,60.1282,18.6435
Sweden,2023,180315.0,60.1282,18.6435
Switzerland,2011,441.0,46.8182,8.2275
Switzerland,2012,860.0,46.8182,8.2275
Switzerland,2013,1480.0,46.8182,8.2275
Switzerland,2014,2952.0,46.8182,8.2275
Switzerland,2015,5870.0,46.8182,8.2275
Switzerland,2016,6221.0,46.8182,8.2275
Switzerland,2017,8623.0,46.8182,8.2275
Switzerland,2018,9850.0,46.8182,8.2275
Switzerland,2019,17951.0,46.8182,8.2275
Switzerland,2020,34869.0,46.8182,8.2275
Switzerland,2021,55691.0,46.8182,8.2275
Switzerland,2022,61767.0,46.8182,8.2275
Switzerland,2023,81077.0,46.8182,8.2275
Turkiye,2012,92.0,38.9637,35.2433
Turkiye,2013,1.0,38.9637,35.2433
Turkiye,2014,68.0,38.9637,35.2433
Turkiye,2015,230.0,38.9637,35.2433
Turkiye,2016,127.0,38.9637,35.2433
Turkiye,2017,111.0,38.9637,35.2433
Turkiye,2018,235.0,38.9637,35.2433
Turkiye,2019,324.0,38.9637,35.2433
Turkiye,2020,1290.0,38.9637,35.2433
Turkiye,2021,3920.0,38.9637,35.2433
Turkiye,2022,7540.0,38.9637,35.2433
Turkiye,2023,68700.0,38.9637,35.2433
USA,2010,1200.0,37.0902,-95.7129
USA,2011,17990.0,37.0902,-95.7129
USA,2012,54006.5,37.0902,-95.7129
USA,2013,97008.69999980927,37.0902,-95.7129
USA,2014,118081.0,37.0902,-95.7129
USA,2015,114731.0,37.0902,-95.7129
USA,2016,161600.0,37.0902,-95.7129
USA,2017,196490.0,37.0902,-95.7129
USA,2018,363320.0,37.0902,-95.7129
USA,2019,327560.0,37.0902,-95.7129
USA,2020,887226.0,37.0902,-95.7129
USA,2021,1902645.0,37.0902,-95.7129
USA,2022,2985720.0,37.0902,-95.7129
USA,2023,4181250.0,37.0902,-95.7129
USA,2025,6505420.0,37.0902,-95.7129
USA,2030,19240400.0,37.0902,-95.7129
USA,2035,25559900.0,37.0902,-95.7129
United Arab Emirates,2018,119.0,23.4241,53.8478
United Arab Emirates,2019,94.0,23.4241,53.8478
United Arab Emirates,2020,691.0,23.4241,53.8478
United Arab Emirates,2021,4100.0,23.4241,53.8478
United Arab Emirates,2022,18900.0,23.4241,53.8478
United Arab Emirates,2023,28900.0,23.4241,53.8478
United Kingdom,2010,504.0,51.5074,-0.1278
United Kingdom,2011,1434.0,51.5074,-0.1278
United Kingdom,2012,3000.0,51.5074,-0.1278
United Kingdom,2013,4013.0,51.5074,-0.1278
United Kingdom,2014,15349.0,51.5074,-0.1278
United Kingdom,2015,30096.0,51.5074,-0.1278
United Kingdom,2016,40315.0,51.5074,-0.1278
United Kingdom,2017,50494.0,51.5074,-0.1278
United Kingdom,2018,63862.0,51.5074,-0.1278
United Kingdom,2019,78918.0,51.5074,-0.1278
United Kingdom,2020,184651.0,51.5074,-0.1278
United Kingdom,2021,323907.0,51.5074,-0.1278
United Kingdom,2022,388432.0,51.5074,-0.1278
United Kingdom,2023,474878.0,51.5074,-0.1278
World,2010,10318.0,0.0,0.0
World,2011,53778.0,0.0,0.0
World,2012,133079.0,0.0,0.0
World,2013,216041.0,0.0,0.0
World,2014,351555.0,0.0,0.0
World,2015,653630.0,0.0,0.0
World,2016,917621.0,0.0,0.0
World,2017,1430348.0,0.0,0.0
World,2018,2269497.0,0.0,0.0
World,2019,2248327.0,0.0,0.0
World,2020,9476373.0,0.0,0.0
World,2021,20599032.0,0.0,0.0
World,2022,31910070.0,0.0,0.0
World,2023,43156980.0,0.0,0.0
World,2025,46093800.0,0.0,0.0
World,2030,94344000.0,0.0,0.0
World,2035,143720000.0,0.0,0.0
